Cell,Sample,ACHE,ChAT,vAChT,vGluT,CaV1,CaV2,CaV3,CACNAB,Shaker,Shal,Shab,Shaw1,Shaw2,BKKCa,SKKCa,IRK,KCNH1,KCNH2,KCNH3,KCNK1,KCNK2,KCNQ1,KCNQ2,KCNT1,NaV,NALCN,IH,TRP_A1,TRP_A_like,TRP_M1,TRP_M3,TRP_M_like,mACHrA,mACHrB,mGluR1,mGluR2,mGluR5,NMDA_1A,NMDA_1B,NMDA_2A,NMDA_2B,NMDA_2_like,kainate_1A,kainate_1B,kainate_2B,GluCl,GABAB_R1,mGABA2,mGABA3,LCCH3r,RDLr,DAR1A,DAR2,Dopa_1Br,His_1r,His_3r,HisCL,HTR_1Br,HTR1A,HTR7,CCAPr,INX1,INX2,INX3,INX4
PD,PD13,366,1636,1351,33,90,120,22,143,309,373,131,94,128,724,131,78,141,12,148,209,68,5,39,52,2853,246,609,39,138,52,44,32,57,81,13,11,36,141,7,311,16,9,6,4,24,1121,1173,44,21,187,118,17,50,82,91,1,181,1,62,331,20,1283,1900,1638,411
PD,PD14,345,890,763,19,82,87,23,72,138,168,59,31,30,373,52,42,73,12,58,116,27,2,14,22,1321,103,342,31,58,29,24,15,32,139,13,26,17,98,10,167,18,12,4,2,26,346,670,16,19,83,73,13,46,40,20,4,46,0,35,157,24,1115,1799,1738,152
PD,PD15,968,1329.5,1162.5,10,84,126,64,80,275.5,457,85,33.5,95.5,582,89.5,62,195,17,153.5,127.5,45,2,105,40,3123,167.5,418.5,77.5,55,41,35.5,24.5,55.5,294.5,20.5,19,32,153,4,308.5,,7,21,7.5,34.5,495,1121.5,53,32,141.5,101,21.5,89,97.5,88.5,5,243,0,53.5,273.5,2,939.5,991.5,859.5,320
PD,PD2,1954,559,562,40,184,58,12,90,152,95,79,37,156,246,74,85,111,24,57,244,69,10,62,13,1097,113,163,43,123,82,76,51,69,187,25,122,135,87,21,268,21,46,7,0,157,615,1341,87,33,158,30,50,166,70,35,13,87,1,49,654,40,3151,4079,3222,295
PD,PD3,2771,1502.5,1511,19,177,143,36,145,375,368,161,116,56,483,137,128,263,37,182,313,81,9,43,75,3795,189,667,39,78,55,44,40,76,137,17,17,117,162,7,328,15,22,24,6,67,1115,1986,64,22,171,141,37,125,113,44,9,95,5,79,456,18,2660,3790,3040,484
PD,PD4,2333,1123,970,66,231,74,16,40,169,139,131,70,261,324,68,182,123,28,70,73,36,7,31,25,1234,82,192,77,111,71,61,49,59,320,50,62,106,75,34,263,24,41,11,1,78,509,762,21,31,163,44,47,182,52,33,15,73,2,54,271,14,2355,3073,2134,252
PD,PD5,2157,1332,1263.25,15,282,230,54,170,511,597,213,113,36,720,184,21,286,18,192,449,94,12,31,70,4713,257,968,63,128,94,91,60,92,87,14,15,79,243,6,,18,22,35,2,48,1896,2701,93,34,155,155,23,168,165,72,7,173,2,74,567,7,1391,1936,1356,338
PD,PD6,413,1630,1293,65,181,138,47,54,240,345,85,104,117,988,87,32,162,42,128,138,42,1,24,39,2510,123,403,61,77,50,62,26,43,77,36,33,70,129,19,271,22,37,17,0,12,713,1305,24,15,149,122,21,79,63,73,14,198,1,48,150,37,463,635,419,183
PD,PD7,1901,713,651,81,123,51,23,74,114,127,79,43,46,334,59,140,60,32,51,64,30,5,39,18,1097,108,180,52,101,40,41,32,31,79,34,46,80,43,21,133,33,21,4,1,69,258,684,12,24,100,51,29,153,41,28,14,86,1,54,293,33,4173,5875,4137,263
PD,PD8,320,1327,1143,45,93,83,17,57,246,201,86,81,181,419,100,81,126,15,97,319,73,11,56,31,2672,120,321,44,14,64,52,47,43,129,40,41,56,132,13,244,19,21,15,2,19,828,1538,27,21,178,133,27,118,57,80,10,223,0,47,322,6,438,545,389,143
PD,PD9,267,1346,1182,68,86,126,17,75,289,202,121,43,237,503,92,296,116,27,113,208,67,2,44,40,2120,140,311,60,38,49,50,33,43,121,39,38,75,91,11,180,28,21,7,1,8,628,892,36,15,137,64,40,130,121,80,23,86,3,77,303,8,487,642,496,229
LPG,LPG1,582,511,493,19,90,85,9,72,230,71,68,127,500,364,182,44,249,48,111,197,47,12,156,22,1306,183,124,60,45,19,60,35,35,28,32,0,99,81,6,251,22,12,10,5,21,14,408,64,23,97,7,21,27,319,123,18,141,5,24,61,3,1453,2483,808,11
LPG,LPG3,730,1095,838,21,121.5,127,17,144,294,162,79,252,659,571,327,28,398,62,176,307,78,16,277,40,1300,260,181,61,145,23,90,43,48,9,19,2,70,147,11,616,24,22,25,10,24,0,336,111,51,142,11,23,35,478,169,19,148,1,76,94.5,6,3452,4760,1725,6
LPG,LPG4,,469,376,11,113,68,11,88,165,49,80,105,335,324,136,41,127,36,67,136,23,14,130,19,1099,101,104,32,53,12,40,24,38,23,70,0,112,45,7,278,5,14,6,10,44,9,268,51,33,45,5,12,22,187,62,12,66,3,21,41,3,2397,4307,1897,2
LPG,LPG6,178,561,357,8,67,153,65,153,264,140,83,258,182,580,217,40,269,62,228,164,41,19,55,30,2348,153,105,61,51,19,78,42,12,12,20,0,20,66,6,339,46,6,15,11,7,47,262,33,15,94,12,18,86,141,57,5,63,0,119,113,2,554,884,551,28
LPG,LPG7,601,1302,889,25,129,150,34,127,382,193,99,376,1214,1048,268,43,286,40,130,297,135,31,331,21,3196,246,328,91,135,29,109,66,34,22,33,2,45,310,27,693,43,33,16,12,11,18,399,75,38,127,16,,40,497,203,12,198,1,56,136,4,1130,1822,865,14
LPG,LPG8,548,1194,840,22,121,95,19,135,281,137,106,273,993,654,212,27,333,42,131,222,87,15,145,30,2875,198,209,60,52,20,82,38,35,1,40,0,124,138,11,322,17,10,33,22,22,16,341,45,33,82,14,18,33,432,184,18,147,1,50,104,0,1160,2019,748,14
LPG,LPG9,551,1146,1062,34,130,101,29,101,319,115,60,269,706,750,207,37,372,30,179,240,89,14,183,37,2767,171,235,53,73,30,85,41,29,11,13,2,17,206,22,600,33,19,32,7,30,19,315,30,27,93,10,22,8,342,140,10,132,1,47,97,4,625,1085,332,7
LPG,LPG10,441,914,612,37,122,116,19,87,288,111,97,209,435,599,232,55,270,51,122,242,70,12,178,46,1842,166,179,41,44,21,116,61,30,13,41,6,85,208,41,528,29,40,14,5,22,19,229,41,20,81,14,22,31,259,113,15,126,2,40,92,1,771,1237,370,22
LPG,LPG11,404,1334,613,24,156,108.5,68,256,358,92,83,246,21,813,262,79,164,49,169,276,60,37,32,21,2417,259,43,74,29,15,74,40,10,4,38,3,56,221,32,785,,36,11,12,38,68,469,21,10,136,17,20,129,134,27,14,16,1,109,91,6,1757,2102,929,21
LPG,LPG12,718,1275,994,11,86,144,32,161,277,184,85,292,926,860,276,3,320,36,159,248,104,19,175,44,2605,173,276,26,35,12,44,25,25,4,41,2,42,90,4,265,8,6,28,11,61,15,266,25,24,108,19,7,18,347,198,1,165,1,34,79,0,1545,2242,739,6
LPG,LPG14,556,845,671,11,209,143,21,230,319,149,100,330,988,989,224,17,288,15,115,349,87,16,212,36,2652,221,237,37,138,22,81,41,25,5,9,2,13,178,16,532,24,15,19,7,70,14,361,29,31,96,14,10,22,494,221,15,231,0,67,114,2,2711,4190,1811,1
LPG,LPG15,556,1379,1175,22,109,90,12,154,283,114,70,242,947,663,239,7,203,20,81,168,68,14,201,12,2400,161,187,44,76,19,76,40,19,8,9,0,23,259,14,591,28,17,15,5,3,6,258,40,22,79,13,20,14,281,122,4,125,0,25,46,0,573,783,253,8
VD,VD1,406,249,196,38,93,55,3,32,61,40,35,39,25,240,76,26,58,38,40,182,38,11,60,16,327,71,6,69,49,31,97,61,11,13,21,5,92,15,10,114,30,16,2,0,15,37,181,18,12,49,2,23,23,72,56,12,43,1,21,29,4,2957,4570,1462,11
VD,VD10,844,1489,1231,48,72,155,37,141,148,236,104,31,19,861,213,52,192,85,221,370,202,18,90,83,2607,189,98,100,36,86,252,169,33,38,25,1,61,141,14,391,131,16,13,4,42,64,392,40,19,103,44,68,27,225,266,19,204,4,32,78,2,1860,2629,1144,18
VD,VD11,379,904,747,32,69,63,6,133,85,120,52,10,1,328,122,5,135,40,109,347,82,14,80,33,1459,99,37,87,58,36,108,72,22,62,7,2,15,75,4,265,72,9,9,3,15,54,223,20,10,69,26,40,18,116,72,9,59,1,16,5,0,1593,2127,994,1
VD,VD13,1413,1294,858,25,90,112,41,109,115,181,86,12,1,692,193,7,213,61,226,597,114,12,75,67,2071,233,47,99,41,82,203,131,18,25,5,1,65,138,19,383,136,2,14,1,59,34,380,11,8,79,30,38,13,188,130,13,125,2,7,29,4,2785,4193,1649,4
VD,VD2,1479,978,940,19,122,104,15,90,81,152,79,17,8,360,172,27,188,33,128,393,81,17,38,42,1408,114,52,81,42,59,155,130,25,30,14,2,81,109,19,381,102,30,11,3,32,35,221,19,12,60,27,34,31,140,111,8,116,3,27,44,5,2898,4607,1531,2
VD,VD3,,524,450,51,112,46,3,55,44,52,40,28,19,224,107,23,109,30,43,246,57,12,73,19,712,77,14,55,51,30,95,64,12,34,12,7,53,63,28,332,57,34,9,0,31,48,175,22,13,71,7,36,42,67,49,11,67,5,29,68,7,5230,6955,2895,9
VD,VD5,421,993.5,990,36.5,140.5,153.5,24.5,99.5,136.5,176,78.5,1,1,587.5,181.5,12,205.5,24,176,370,186.5,20,116.5,48.5,2085.5,114.5,42.5,93.5,50,88.5,241,162.5,31,64.5,8,2,69,95,5,270.5,96.5,5.5,14.5,0.5,30,52.5,294.5,27,12,82,49,45,18.5,150,126,8,109.5,1,16.5,31,7,2424,2933.5,1249.5,1.5
VD,VD6,1307,2147,1577,51,112,130,32,114,206,168,98,36,13,683,221,46,359,98,283,370,231,25,128,105,2916,152,60,112,57,88,253,156,43,107,39,5,67,200,19,571,173,31,11,3,19,62,378,28,18,127,66,92,41,182,105,18,118,3,41,60,13,3042,3930,2133,11
VD,VD7,1377,1349,1095,37.25,188,109,5,140,125,108,83,27,18,419,122,74,409,116,206,484,122,12,79,89,1797,93,39,92,,60,176,101,23,60,27,7,70,67,14,354,63,17,12,3,51,74,244,22,18,78,29,51,53,128,94,21,81,2,47,44,10,5427,7388,4093,9
GM,GM16,256,350,184,29,86,46,20,61,153,36,70,61,82,135,64,26,144,37,57,59,14,22,105,5,366,84,13,42,46,36,84,62,20,13,22,2,56,19,21,325,93,43,1,1,18,43,146,43,19,48,0,30,53,88,92,19,84,1,31,99,6,1146,1901,699,45
GM,GM17,149,827,660,2,63,118,52,59,354,163,121,80,11,333,91,1,204,14,104,87,30,11,114,6,1390,124,66,11,14,7,11,9,12,27,3,0,31,66,1,366,161,3,6,3,13,11,198,42,10,47,5,4,46,153,130,3,158,0,38,89,1,687,1191,369,19
GM,GM18,173,815,627,11,76,91,27,59,214,161,101,110,61,370,85,29,216,29,78,137,36,23,187,8,1232,159,33,27,30,28,42,33,11,16,4,0,70,51,17,439,134,20,5,2,15,45,271,44,11,67,2,14,54,161,88,18,109,0,44,69,2,1138,1774,708,14
GM,GM20,850,304,116,51,208,73,5,68,96,33,91,87,90,95,88,61,160,79,60,33,22,13,85,6,320,68,5,42,66,31,75,52,26,46,51,10,74,11,26,299,38,33,3,0,49,61,68,14,22,75,6,33,69,70,36,38,27,1,41,136,6,2451,3486,1459,71
GM,GM25,623,650,493,10,45,34,14,155,88,52,71,41,7,215,85,22,137,30,110,61,23,7,61,17,806,124,55,15,37,28,49,32,11,25,20,2,69,40,7,366,88,2,1,0,46,31,200,16,15,52,14,9,34,170,88,10,78,1,33,124,10,2543,4054,1944,0
GM,GM26,213,797,512,16,42,75,6,56,86,82,78,41,11,189,88,18,168,39,89,81,27,5,127,16,934,159,83,21,37,22,48,24,18,34,24,4,41,77,22,349,95,29,0,0,19,30,166,21,14,61,8,9,48,83,46,11,55,0,43,67,1,2020,2449,799,7
GM,GM27,810,1415,1285,12,38,47,13,81,198,88,77,169,11,362,208,13,378,28,123,164,56,8,172,34,1562,167,170,17,52,23,59,32,28,10,9,1,10,115,9,397,20,8,9,6,21,7,270,59,22,75,11,8,8,157,173,11,138,0,42,105,1,557,821,342,14
GM,GM28,559,1109,933,12,25,69,20,166,206,147,66,9,0,341,143,19,315,40,256,155,42,17,242,20,1516,176,106,17,31,36,46,40,15,41,8,4,44,120,9,366,167,8,6,7,21,48,330,31,23,89,23,9,35,264,159,4,169,0,76,114,5,1257,2091,1010,45
GM,GM29,562,1750,972,29,82,71,39,109,141,88,65,18,2,272,117,33,262,53,256,142,41,23,174,42,1069,141,74,13,28,29,49,34,11,7,10,0,30,83,12,443,161,6,12,2,57,14,268,33,9,63,8,14,42,228,90,11,209,1,75,134,11,1449,1943,864,21
LP,LP1,233,8,43,676,251,95,4,78,351,164,152,89,3,123,40,8,118,22,86,76,41,11,13,54,1109,222,258,21,153,131,84,39,40,100,17,13,65,209,8,286,40,5,0,6,42,123,892,43,9,153,47,18,154,142,18,6,67,3,56,257,223,890,1835,1864,89
LP,LP10,527,52,71,584,153,124,8,51,250,69,152,90,32,228,36,112,56,35,47,67,37,6,24,44,1272,284,183,43,49,68,60,21,29,73,96,59,60,73,7,111,9,23,0,3,160,235,711,17,16,146,25,49,179,78,24,7,89,1,95,320,202,2687,4576,5334,53
LP,LP11,236,0,21,947,176,183,24,106,553,322,240,202,1,248,73,77,206,27,181,112,64,16,11,108,4423,450,532,29,78,185,149,45,57,33,31,4,18,574,7,570,43,4,6,11,27,311,966,33,5,245,151,6,84,168,1,3,0,2,84,104,334,581,909,1375,187
LP,LP12,448,53,84,1257,339,179.5,30,148,743,294,302,111,25,637,77,145,275,65,271,93,43,10,22,190,5440,646,639,29,183,108,87,29,51,173,75,11,134,335,22,389,42,20,10,8,84,385,1276,49,18,304,150,44,237,171,16,8,82,4,74,241,352,2739,4522,5161,233
LP,LP13,285,25,45,629,211,167,16,77,372,149,188,116,68,416,57,104,134,69,111,54,25,8,23,104,1909,383,240,34,60,112,80,23,49,24,83,19,54,175,12,192,30,16,6,3,141,274,768,18,9,174,46,33,162,144,23,9,65,4,88,364,176,2400,2944,3374,97
LP,LP14,463,0,48,1016,291,280,44,178,576,305,252,231,8,390,51,84,148,36,261,99,66,12,16,158,3639,470,490,22,109,195,143,47,58,65,37,14,61,529,9,608,53,6,5,11,132,280,952,11,6,177,138,18,167,168,20,4,73,3,87,306,390,1706,3328,3352,132
LP,LP15,312,0,9,371,99,121,16,78,209,121,121,91,6,112,33,52,79,15,63,21,17,4,8,39,1839,146,180,14,99,108,87,29,38,32,7,12,12,101,4,153,12,8,6,15,84,131,321,15,2,102,86,8,82,188,8,6,7,3,69,77,166,780,1580,2301,106
LP,LP3,261,51,25,378,181,110,0,39,171,74,128,72,35,102,32,67,87,24,50,22,16,7,12,36,1159,154,139,20,42,89,85,29,40,73,92,18,78,99,21,158,18,9,1,6,59,222,730,13,10,85,32,25,204,97,22,7,99,3,38,263,94,971,1798,1482,95
LP,LP4,294,80,85,412,377,105,3,48,120,62,132,53,59,84,41,157,42,58,40,12,11,10,20,23,1368,144,75,46,83,108,91,27,43,199,108,8,85,48,40,218,19,26,2,3,53,245,346,11,17,107,24,42,173,155,52,0,67,5,61,253,71,1303,2303,2376,109
LP,LP5,473,68,71,580,476,192,29,78,384,140,164,169,57,357,57,148,107,39,85,58,30,11,27,72,2291,357,276,49,160,154,135,34,73,150,82,49,125,268,35,331,39,32,7,4,121,355,1018,42,19,204,116,42,201,201,44,0,90,3,87,591,201,3188,4915,8050,140
LP,LP6,68,92,43,235,241,262,55,78,254,109,208,153,28.5,237,55,282,121,58,68,108,40,1,18,9,1526,285,291,35,85,78,123,30,49,73,120,32,54,90,46,234,57,35,6,18,11,259.5,598,45,37,160,230,73,318,182,85,0,70,5,79,260,118,1406,3478,1722,132
LP,LP9,338,1,10,646,475,220,6,152,326,332,247,111,19,321,19,72,85,18,125,129,76,5,22,68,2286,384,467,23,74,80,78,21,53,13,34,51,82,379,11,411,,4,6,0,90,607,1040,26,3,189,142,3,176,67,5,5,0,2,81.5,393,180,1949,4073,3559,26
PY,PY1,227,20,13,286,44,20,0,27,39,52,32,28,3,58,31,19,72,54,44,15,6,9,17,25,345,62,46,19,23,5,17,14,7,10,14,2,20,17,8,130,14,5,0,0,37,41,75,8,3,26,8,19,32,12,3,8,0,1,22,29,14,783,1128,466,20
PY,PY2,307,3,18,874,127,46,0,80,68,74,71,70,15,93,39,34,178,57,59,18,12,9,15,29,646,93,80,68,60,20,66,42,16,15,18,1,104,49,23,160,40,21,0,0,38,43,155,21,15,37,6,19,78,30,31,6,25,6,41,44,62,2074,3071,949,25
PY,PY3,306,9,7,284,63,29,0,28,59,25,42,30,0,54,21,11,65,15,20,13,17,10,22,15,241,59,34,55,29,12,28,23,11,16,16,3,47,9,2,66,8,4,0,0,18,20,152,10,6,24,4,11,44,8,12,3,14,3,23,24,20,1246,2006,563,12
PY,PY4,295,34,22,257,51,28,1,10,62,41,26,45,39,104,46,49,93,74,58,11,9,5,12,23,260,90,32,66,31,14,51,31,13,28,24,5,88,7,13,140,24,25,0,0,24,57,168,28,10,27,2,24,51,15,13,6,34,3,64,53,9,1361,2252,716,23
PY,PY5,424,0,12,590,35,21,5,47,67,25,44,32,19,89,36,14,133,36,30,22,20,6,16,32,505,46,49,39,42,12,45,21,7,10,8,7,39,38,18,147,23,11,0,1,26,39,118,9,3,36,7,19,37,14,24,6,21,1,30,21,42,1122,1908,732,10
PY,PY6,176,48,33,252,63,43,0,9,77,12,44,61,57,39,60,13,229,93,74,7,14,9,24,21,358,48,14,89,40,24,65,34,11,15,37,11,70,5,30,135,21,45,0,0,5,43,139,9,12,44,0,40,60,19,50,16,54,4,33,56,8,1306,2219,756,57
PY,PY7,527,0,6,2065,124,82,0,111,158,143,81,99,16,260,61,6,163,17,87,208,94,17,51,83,1653,127,138,43,61,19,63,34,11,31,9,17,40,87,3,297,64,2,34,7,40,88,329,23,5,82,32,4,157,10,8,8,0,2,113,17,158,1275,1865,1065,53
PY,PY8,215,79,13,1701,77,161,53,169,177,139,81,243,71,343,122,67,209,77,117,227,63,9,103,49,1187,143,159,110,43,14,51,31,21,15,29,8,70,81,31,335,35,53,2,0,17,54,180,29,25,89,28,46,181,14,44,20,40,1,136,164,142,694,966,319,30
PY,PY9,208,41,35,777,105,93,0,62,149,81,69,138,85,195,100,106,249,104,104,133,61,22,68,59,960,111,70,110,87,27,131,64,23,46,18,21,86,84,43,427,81,69,12,2,19,75,163,18,18,81,10,48,141,23,39,14,50,3,128,89,63,801,1051,548,111
PY,PY10,295,81,54,1244,145,97,0,164,88,83,63,80,86,122,81,31,134,44,61,34,17,5,21,34,853,114,70,102,86,19,79,46,16,27,44,15,95,31,11,216,35,23,2,2,42,67,110,15,13,78,5,16,87,30,40,17,23,2,72,80,77,1122,1865,563,36
PY,PY11,453,27,5,1489,59,122,23,144,117,142,55,199,2,475,98,25,254,44,204,98,51,8,8,159,1731,151,162,82,79,18,64,42,20,27,13,0,35,112,3,252,41,2,0,25,28,10,196,20,25,69,24,4,65,19,18,6,4,2,23,76,109,944,1170,456,10
PY,PY12,125,25,29,1526,90,121,4,136,202,293,177,196,29,302,91,73,336,156,231,163,66,19,66,182,2185,252,130,82,52,24,90,46,24,32,69,30,121,114,23,348,124,23,8,14,22,145,339,46,16,117,26,21,238,13,29,14,33,2,196,59,140,803,1114,357,113
IC,IC1,1013,0,5,1274,74,40,5,76,94,34,29,94,28,119,72,13,135,69,75,144,45,21,24,51,711,131,54,73,71,16,48,17,7,17,38,5,83,31,5,220,8,13,2,17,24,39,225,2,6,79,5,10,59,153,43,12,25,2,50,66,89,2148,3745,1847,29
IC,IC2,1039,0,27,1227,96,94,4,80,198,43,59,158,38,181,97,74,388,96,142,148,33,19,48,119,976,123,64,38,39,17,62,25,14,56,35,6,37,62,25,498,16,33,4,30,68,45,303,26,11,89,5,32,161,151,34,19,31,16,88,108,101,3600,4969,1981,25
IC,IC3,742,0,30,4405,251,198,39,442,612,322,151,628,3,568,273,20,686,66,252,580,157,78,51,75,2567,353,238,153,282,23,224,110,20,137,36,2,80,423,39,2042,53,51,11,100,53,76,571,37,25,168,34,60,170,418,14,17,2,3,533,202,423,3156,4377,1907,112
IC,IC4,609.5,12,22,4590,340,212,39,383,526,274,119,495,37,575,217,28,820,78,273,487,113,85,45,84,3345,348,225,82,133,36,134,76,20,127,31,1,69,293,33,1582,31,22,20,94,93,110,653,16,13,176,40,46,206,566,35,12,25,6,340,238,356,4969,3762.5,1713.5,44
IC,IC5,271,34,67,2905,146,200,26,214,373,276,101,400,62,506,261,85,493,121,278,481,142,49,84,87,2751,219,197,86,82,29,97,45,30,137,85,7,115,160,29,943,24,46,11,76,32,67,352,21,22,150,44,51,185,469,124,44,53,6,271,179,295,1702,2320,1025,137
IC,IC6,599,12,37.5,2101,134.5,181,79,274,374,226.5,195,516.5,96.5,661.5,259,99.5,370,95,214,430,128.5,65,125,123.5,2404,201.5,176.5,84,73.5,37.5,158.5,79,43.5,122.5,128.5,41,161.5,166.5,44.5,726,28.5,69,10.5,68,43,120,370.5,30.5,37.5,213,84.5,44.5,188.5,275.5,129.5,45,83,4.5,248.5,332.5,200.5,2075.5,3327,1580,103
IC,IC7,785,0,19,2399,153,171,129,194,169,157,101,368,20,979,186,42,223,53,220,294,105,3,61,190,1835,144,71,20,44,18,69,33,24,66,61,45,149,193,25,855,16,50,10,15,62,127,459,44,4,315,117,23,170,87,123,11,111,0,31,271,233,2950,3801,1981,29
IC,IC10,257,0,0,4813,89,101,34,184,328,233,81,457,0,508,263,15,462,27,240,232,90,25,18,153,2811,275,204,54,130,15,82,24,30,80,16,1,25,224,8,822,30,8,16,105,24,91,482,35,12,132,58,0,95,314,4,9,,1,219,149,544,829,1035,499,59
IC,IC11,87,0,4,3015,65,102,19,186,270,195,82,295,0,414,113,15,401,17,179,227,53,21,18,120,2584,236,186,44,74,16,58,34,13,37,11,10,34,140,9,488,10,1,17,72,10,59,300,8,3,83,31,10,67,341,29,6,15,2,206,95,338,666,1019,353,54
IC,IC12,620,0,23,4618,180,204,43,295,436,366,168,535,31,990,207,63,609,84,395,483,149,37,69,212,3414,358,230,104,181,42,177,71,21,94,115,5,83,385,30,1630,60,53,45,237,52,123,590,16,17,169,67,16,168,461,45,19,32,5,356,169,480,2368,3780,1512,124
IC,IC15,527,0,12,3998,210,435,123,578,636,324,249,799,11,1235,301,54,865,153,550,991,196,93,172,119.5,4795,459,191.5,75,87,36,111,72,25,64,61,29,64,400,24,1052,49,38,26,174,53,123,817,80,37,261,77,34,329,670,38,23,3,6,458,432,411,3720,4089,2237,56
LG,LG1,1183,73,37,2151,203,142,4,161,252,135,132,95,71,571,130,75,315,83,134,243,68,20,67,81,1294,247,83,147,161,23,96,56,33,47,64,9,226,47,17,299,40,89,8,30,159,179,545,58,30,145,18,54,340,252,83,43,65,2,129,173,165,8048,11696,4612,21
LG,LG2,966,71,32,4349,295,361,10,255,447,393,212,37,0,796,168,43,575,91,297,936,180,36,84,146,4001,386,255,45,55,12,52,30,45,109,28,2,195,154,21,542,59,176,7,38,45,206,622,88,40,107,45,40,812,495,39,38,27,4,224,308,372,4684,7380,2417,84
LG,LG4,1605,36,29,1973,168,165,10,127,278,223,114,33,29,437,144,62,362,86,179,337,58,36,38,127,1784,182,109,71,66,13,50,48,58,175,45,11,141,152,30,603,45,171,5,12,71,140,438,144,30,96,23,36,321,245,27,17,27,,127,239,156,4705,7731,3855,17
LG,LG6,394,37,29,1844,81,140,8,109,212,173,110,33,21,450,83,70,262,43,115,238,51,24,45,48,2267,178,85,87,64,14,101,51,44,114,53,11,140,135,25,381,36,133,6,20,23,129,321,51,37,109,27,40,319,188,60,25,48,1,85,264,170,2740,3971,1764,30
LG,LG8,85,27,18,2741,141,312,24,286,557,454,206,34,25,1028,183,47,730,135,452,845,155,50,62,238,4439,299,210,83,95,19,61,38,58,255,117,5,239,332,34,1146,93,463,15,57,26,279,623,130,67,143,78,33,534,512,38,35,20,2,226,511,271,2209,2987,1086,82
LG,LG9,139,49,46,2126,183,322,17,262,394,206,170,34,88,801,228,90,570,182,337,808,189,25,90,199,2973,275,285,113,125,40,143,71,106,353,69,7,128,238,58,624,102,58,2,89,43,152,298,146,69,154,65,44,100,220,46,25,23,4,,467,113,2194,3142,1236,38
LG,LG10,428,20,22,1328,103,88,5,105,189,122,72,19,20,334,90,35,373,120,216,137,36,8,18,99,1334,139,81,40,62,18,73,35,26,125,15,3,51,77,6,275,27,92,5,15,29,124,248,34,22,94,18,19,213,158,38,12,27,1,44,144,136,2759,3505,1595,24
LG,LG13,331,19,18,2382,192,333,17,297,406,375,212,53,12,1174,175,9,757,147,582,701,156,28,65,269,4106,361,245,54,79,17,69,33,49,225,35,4,166,272,31,978,104,446,10,68,108,227,657,77,67,187,68,43,777,466,46,15,25,2,132,406,169,4193,5118,2264,106
LG,LG14,934,4,9,4190,167,379,19,439,511,508,259,0,23,1056,212,5,715,53,562,712,159,18,21,279,6080,401,302,40,112,4,35,12,70,270,4,4,114,291,4,877,59,288,18,81,95,330,538,144,67,109,81,17,914,946,8,18,27,5,133,562,233,4383,5812,2675,102
LG,LG15,680,35,28,2238,117,273,23,239,302,194,182,115,11,648,134,48,299,88,175,429,83,13,47,122,2431,278,173,59,144,20,92,46,33,82,37,5,114,101,12,363,34,69,1,33,89,108,366,53,35,119,22,20,258,262,31,20,18,0,154,215,200,5380,7881,2774,37
MG,MG1,345,29,4,2009,47,101,39,92,146,90,50,217,6,293,83,17,296,42,126,118,19,22,39,92,1366,153,117,35,24,10,42,22,7,125,11,0,60,38,2,213,4,7,5,72,32,18,257,37,19,61,12,16,168,193,17,3,13,1,45,92,125,918,1819,542,9
MG,MG2,2068,24,67,2417,337,89,10,160,185,78,80,155,57,292,120,83,327,107,153,64,42,16,71,73,1165,174,51,78,81,15,69,33,32,96,79,17,151,63,11,659,12,40,5,38,92,73,286,31,30,137,6,37,87,170,46,23,46,2,124,86,184,3863,5922,2881,37
MG,MG3,702,0,12,1602,165,88,12,96,159,126,66,129,19,262,143,19,324,24,141,139,47,23,18,88,694,155,114,127,63,23,61,54,21,103,25,5,72,100,5,343,35,7,2,12,27,29,279,65,25,97,6,7,81,278,19,11,8,3,44,112,116,1911,2449,979,9
MG,MG4,547,187,169,1081,57,98,0,55,163,90,65,165,6,367,117,15,135,19,105,220,46,13,17,122,1210,105,46,19,23,7,22,14,16,56,16,17,38,57,3,253,25,11,2,6,12,29,255,25,4,102,26,4,74,73,53,6,47,4,51,91,71,979,1648,693,17
MG,MG5,883,177,147,1455,162,177,15,106,135,73,118,217,102,448,160,102,315,197,243,106,52,30,134,101,1158,210,69,331,59,31,138,72,53,133,177,19,284,92,19,230,58,68,2,8,24,99,301,45,81,128,16,60,109,223,64,44,82,4,75,141,114,2050,3486,1219,86
MG,MG6,565,69,37,2322,161,216,14,100,358,102,156,257,80,640,163,83,626,172,329,246,78,48,119,101,2691,254,282,251,178,46,213,89,52,112,72,6,160,87,24,800,142,82,4,22,34,181,366,63,39,147,50,60,158,127,51,22,59,4,198,117,171,1204,1797,857,140
MG,MG7,556,303,105,1522,233,208,21,84,248,115,191,268,49,285,236,221,445,243,179,109,27,38,131,107,1270,207,91,308,53,83,326,170,78,320,246,24,491,127,33,338,96,86,3,33,19,118,173,47,84,154,24,87,115,342,43,80,108,16,178,112,141,1254,2432,674,112
MG,MG8,1672,2,51,2299,288,105,28,348,151,116,82,227,49,436,150,58,421,106,232,156,45,19,43,167,1529,186,93,107,73,19,79,43,45,295,38,12,83,86,9,294,44,36,1,15,75,52,253,56,36,92,22,20,46,179,34,12,35,2,56,91,232,4001,4936,3033,37
MG,MG9,1296,29,74,2138,176,119,27,73,202,102,123,244,91,293,177,99,405,176,176,134,68,16,77,103,1210,164,100,346,104,51,253,132,21,96,78,14,122,102,21,418,70,49,2,19,34,66,187,29,28,120,21,32,110,148,43,30,41,4,147,135,203,2429,3464,1742,52
MG,MG11,838,0,35,1733,175,145,30,229,177,123,107,185,12,317,122,35,246,54,133,206,55,24,48,90,1801,131,146,87,72,25,106,47,13,31,15,4,24,87,2,169,33,10,3,47,32,44,164,53,23,89,32,15,72,256,14,10,1,3,76,129,140,2246,2531,1416,29
DG,DG1,640,12,24,2849,138,122,13,265,312,218,118,262,16,236,127,9,581,68,236,145,46,22,26,273,1023.5,184,128,60,46,48,,78,48,43,21,1,42,113,4,360,23,10,7,10,14,47,467,75,20,126,36,20,86,177,35,16,32,8,77,26,287,984,1539,612,49
DG,DG2,396,14,35,1585,95,112,68,123,236,166,68,254,40,405,68,35,214,54,146,79,34,11,52,28,1275,120,68,47,29,18,75,33,9,10,34,11,57,81,18,478,21,43,0,1,26,134,241,12,17,160,40,18,130,30,104,10,98,1,12,320,156,1290,2736,1011,67
DG,DG3,932,19,38,808,195,62,38,94,124,104,83,147,56,210,67,52,129,36,54,23,18,4,35,19,607,91,56,43,51,13,64,30,19,15,32,13,92,86,31,583,15,34,0,5,75,64,159,13,18,119,21,23,111,35,94,31,78,2,38,230,50,2299,4348,1855,40
DG,DG4,122,0,18,692,27,40,14,33,74,26,30,82,12,92,47,19,145,29,44,38,11,4,19,27,582,42,27,45,35,12,53,22,17,63,17,1,40,22,10,110,7,12,0,32,11,20,131,31,19,59,8,13,77,94,34,12,25,1,42,65,55,299,563,269,13
DG,DG5,137,22,26,626,37,74,1,57,79,56,42,22,29,191,35,31,73,33,72,133,22,10,36,33,528,73,21,39,19,7,31,19,8,41,20,0,54,31,11,201,19,48,1,6,13,62,99,12,11,36,14,4,154,53,25,14,18,1,77,74,76,752,1229,447,23
DG,DG6,263,20,27,1220,72,98,23,111,123,72,50,162,17,226,84,17,233,45,91,117,40,13,45,80,887,106,97,43,58,16,80,28,22,190,18,4,38,47,15,318,13,22,3,71,21,50,114,26,23,67,23,23,107,84,21,15,18,1,102,172,145,927,1520,915,26
DG,DG7,586,12,48,1187,169,186,11,165,142,130,77,186,59,606,130,117,195,99,116,166,64,42,37,40,1259,172,80,42,101,39,65,76,33,31,21,9,42,58,28,336,20,40,5,43,23.5,105,185,20,28,136,30,48,129,175,69,40,64,4,148,142,111,3016,5331,1813,56
DG,DG8,518,0,10,1169,60,144,18,138,193,146,121,237,32,549,138,10,323,75,279,234,70,37,75,171,1802,191,137,45,65,41,37,28,25,194,23.5,0,48,127,17,312,39,32,6,46,38,60,286,44,33,91,26,25,85,278,40,29,36,2,65,110,103,1921,3442,1140,12
DG,DG11,832,12,26.5,3379,77,215,64,166,159,167,114,322,20,671,131,17,364,46,200,254,65,7,37,128,2097,201,184,44,57,17,65,36,12,142,7,5,26,125,19,529,12,13,4,113,44,31,191,57,23,86,40,5,272,248,11,6,4,0,76,211,316,1123,2310,826,9
DG,DG12,328,4,25,1099,99,56,15,90,124,44,52,117,52,169,93,26,183,70,77,61,21,9,34,54,462,121,69,36,44,13,45,26,23,85,26,6,30,37,29,265,15,34,4,23,9,29,161,19,27,99,1,35,103,203,93,32,34,1,63,106,115,1852,3188,997,29
DG,DG13,431,0,48,1979,53,110,36,220,142,133,78,179,16,422,90,65,267,60,129,232,50,10,67,51,1218,179,145,51,57,18,66,25,24,206,28,2,61,49,11,193,5,4,5,103,37,27,141,40,24,105,34,20,179,177,36,19,18,1,94,151,165,805,1500,609,18
DG,DG14,255,12,30,998,138,129,17,121,106,103,61,175,40,278,108,82,312,97,122,157,47,20,79,37,801,99,113,76,83,12,78,43,23,75,70,4,81,41,18,211,11,19,1,62,27,44,130,37,31,77,12,32,198,139,31,22,23,3,82,136,101,1221,2514,940,25
DG,DG15,94,12,5,1197,62,131,36,146,117,111,72,225,5,493,88,11,186,33,144,263,62,13,49,84,1160,168,157,20,43,4,20,13,27,257,12,0,12,154,1,481,11,20,5,86,13,21,211,68,25,72,21,17,167,236,6,7,0,0,83,169,123,643,1236,491,7
LC,LC3-1,1336,39,25,6104,170,251.5,59,386,361,105,234,49,9,609,274,53,291,282,1189,4,83,26,60,260,2165,307,108,62,357,59,163,66,19,42,23,7,54,105,43,904,336,16,51,357,155,10,607,34,16,237,53,25,35,36,35,19,4,1,27,270,143,4128,7129,2427,32
LC,LC3-2,7797,127,77,1612,198,86,10,197,133,46,86,76,84,287,144,80,213,176,180,0,15,17,81,44,646,214,0,72,290,48,161,94,30,51,122,37,247,36,63,648,88,46,1,34,244,67,349,14,42,179,0,50,69,118,109,71,56,4,55,176,253,15431,19069,10837,53
LC,LC3-3,4485,256,110,1159,170,88,9,84,115,26,98,94,69,337,179,166,411,261,281,0,11,12,56,35,491,210,43.625,97,218,70,201,100,29,71,74,17,209,28,87,485,87,65,7,40,656,89,177,71,39,266,10,64,85,52,99,47,74,4,82,223,93,14996,17578,5863,78
LC,LC3-4,3253,267,328,4446,347,285,12,227,332,147,309,256,238,603,489,470,870,625,878,4,61,39,457,146,1608,403,21,243,333,152,480,292,140,222,571,23,578,118,185,894,259,157,16,98,684,216,442,29,172,324,17,132,249,171,160,136,133,16,219,317,257,13995,16515,4931,247
LC,LC3-5,6942,334,170,996,606,169,21,250,208,59,117,96,107,718,231,261,274,218,273,0,23,40,313,18,653,145,49.25,128,290,68,195,125,35,76,84,33,287,15,69,273,41,35,2,25,594,131,215,68,40,223,1,60,100,134,168,128,86,8,73,173,43,16654,18934,9079,147
LC,LC4-1,8555,382,225,3657,226,222,26,154,264,93,224,187,179,466,349,278,595,361,542,4,46,80,274,54,1565,318,19,164,286,112,322,181,99,205,140,20,331,59,128,1032,147,81,15,108,670,171,603,44,142,356,13,112,158,103,231,143,128,5,81,376,199,17234,15734,9561,110
LC,LC4-2,3879,232,105,703,288,156,2,239,130,22,142,131,120,144,203,207,488,337,310,0,40,51,138,10,415,167,60.5,174,334,107,355,181,37,84,204,23,352,26,92,423,65,65,0,21,317,138,178,24,39,294,1,71,117,65,82,50,58,4,61,235,71,14631,18490,7152,97
LC,LC4-3,1227,627,171,2373,356,283,14,155,316,213,260,265,276,535,370,431,1281,840,1036,0,24,50,139,81,1263,306,165,214,261,118,347,196,134,226,353,35,533,86,,1083,251,195,7,63,484,256,372,36,190,345,1,163,250,172,210,152,165,12,226,458,149,13653,15734,4653,365
LC,LC4-4,2903,139,102,4389,249,281,24,551,353,229,241,126,70,491,316,180,256,174,522,9,31,29,72,91,1603,369,121,61,163,53,128,79,24,49,92,16,154,81,51,564,148,34,15,141,167,34,498,27,35,224,21,48,89,46,61,43,40,2,41,338,197,8160,11567,4257,92
LC,LC4-5,2616,345,151,910,585,169,4,417,175,38,153,219,173,479,219,234,308,212,229,6,26,39,139,22,1269,226,0,189,506,154,487,258,60,116,154,64,215,20,87,271,44,45,4,33,191,159,185,29,64,227,1,123,176,133,156,121,97,4,84,228,21,9281,10213,3702,188
LC,LC5-1,3854,233,105,5135,233,292,37,478,277,189,185,109,113,515,294,167,710,464,1059,9,24,21,63,202,1503,365,83,89,290,48,157,79,72,120,87,17,213,47,264,564,120,125,26,142,210,71,556,73,76,214,33,77,84,73,125,62,84,3,58,288,411,14160,20556,7416,83
LC,LC5-2,2245,278,102,1743,140,145,5,66,126,52,84,92,70,215,164,141,567,428,415,0,23,22,83,81,583,155,7,78,137,53,182,74,43,77,70,17,154,35,58,297,86,42,2,44,245,57,223,38,56,198,5,89,86,60,109,47,71,3,64,263,94,8101,10142,3211,62
LC,LC5-3,1929,780,272,2799,322,337,22,193,253,138,224,209,212,312,388,487,0,1048,1381,0,61,29,462,209,1282,386,4,198,213,137,382,218,79,115,490,53,647,34,121,435,120,84,8,57,512,210,274,25,104,273,46,163,258,371,356,204,154,,238,393,199,4250,5717,1744,267
LC,LC5-4,1308,134,55,4316,195,313,40,455,402,263,213,83,40,437,255,147,549,323,1117,0,25,14,41,195,2368,316,111,49,119,33,112,46,23,58,53,10,122,23,84,922,265,51,36,223,139,78,386,61,17,157,56,54,70,53,58,42,29,4,69,469,215,6047,8225,2327,76
LC,LC5-5,4132,320,154,2756,435,285,10,393,237,117,150,164,138,648,348,287,523,287,439,0,40,44,157,60,1752,334,38,261,480,180,552,302,73,129,169,55,450,76,109,652,119,68,18,154,738,180,696,74,82,342,16,149,180,130,178,122,188,6,119,408,47,13225,15712,5752,220